-- phpMyAdmin SQL Dump
-- version 5.2.0
-- https://www.phpmyadmin.net/
--
-- Hôte : 127.0.0.1
-- Généré le : mar. 03 jan. 2023 à 10:33
-- Version du serveur : 10.4.25-MariaDB
-- Version de PHP : 8.1.10

SET SQL_MODE = "NO_AUTO_VALUE_ON_ZERO";
START TRANSACTION;
SET time_zone = "+00:00";


/*!40101 SET @OLD_CHARACTER_SET_CLIENT=@@CHARACTER_SET_CLIENT */;
/*!40101 SET @OLD_CHARACTER_SET_RESULTS=@@CHARACTER_SET_RESULTS */;
/*!40101 SET @OLD_COLLATION_CONNECTION=@@COLLATION_CONNECTION */;
/*!40101 SET NAMES utf8mb4 */;

--
-- Base de données : `bilemo`
--

-- --------------------------------------------------------

--
-- Structure de la table `customer`
--

CREATE TABLE `customer` (
  `id` int(11) NOT NULL,
  `user_id` int(11) DEFAULT NULL,
  `name` varchar(255) COLLATE utf8mb4_unicode_ci NOT NULL,
  `email` varchar(255) COLLATE utf8mb4_unicode_ci NOT NULL
) ENGINE=InnoDB DEFAULT CHARSET=utf8mb4 COLLATE=utf8mb4_unicode_ci;

--
-- Déchargement des données de la table `customer`
--

INSERT INTO `customer` (`id`, `user_id`, `name`, `email`) VALUES
(402, 21, 'Marcelle Begue', 'nicole70@georges1.net'),
(403, 21, 'Paul Menard', 'iadam@bruneau.com'),
(404, 21, 'Jeannine de la Charpentier', 'simone33@lesage.org'),
(405, 21, 'Thérèse Delahaye', 'irenault@bouchet.com'),
(406, 21, 'Georges de la Vaillant', 'igillet@sfr.fr'),
(407, 21, 'Franck Rolland', 'godard.laurent@dbmail.com'),
(408, 21, 'François Vincent', 'lefevre.lucy@sfr.fr'),
(409, 21, 'Louis Renault', 'boulanger.aurore@merle.fr'),
(410, 21, 'Manon Traore', 'margot.gomez@cohen.net'),
(411, 21, 'Agnès Meyer', 'valette.alex@pierre.org'),
(412, 21, 'Arnaude Alves-Besson', 'jacquot.luce@buisson.fr'),
(413, 21, 'Georges Breton', 'ksalmon@hotmail.fr'),
(414, 21, 'Anaïs Laine-Herve', 'therese.bourgeois@wanadoo.fr'),
(415, 21, 'Nathalie Bouchet', 'thomas.benoit@foucher.com'),
(416, 21, 'Danielle Gomez', 'qsauvage@wanadoo.fr'),
(417, 21, 'Marcelle Chevalier', 'celine37@gosselin.org'),
(418, 21, 'Bernard-Frédéric Chevalier', 'victoire.joubert@live.com'),
(419, 21, 'Adèle Renaud', 'gpereira@boucher.com'),
(420, 21, 'Astrid Grondin', 'pottier.noel@leconte.com'),
(421, 22, 'Émile Arnaud', 'danielle.garcia@club-internet.fr'),
(422, 22, 'William Salmon', 'rmarty@dbmail.com'),
(423, 22, 'Théodore Guillon-Fischer', 'noel.cohen@baron.fr'),
(424, 22, 'Anastasie Becker', 'virginie.boulanger@marty.net'),
(425, 22, 'Susan Adam', 'kbenard@petit.net'),
(426, 22, 'Matthieu Poirier', 'robert.gilles@yahoo.fr'),
(427, 22, 'Adrienne Gilbert-Paris', 'bousquet.gabriel@barbe.fr'),
(428, 22, 'Daniel Langlois', 'eugene.bertrand@orange.fr'),
(429, 22, 'Laurent Riviere', 'carre.martin@rolland.com'),
(430, 22, 'Gabrielle Mace', 'emasson@wanadoo.fr'),
(431, 22, 'Dominique-Joséphine Leleu', 'anne65@free.fr'),
(432, 22, 'Françoise Perez', 'benoit.andre@chauveau.fr'),
(433, 22, 'Roland Bourgeois', 'vallet.adrien@orange.fr'),
(434, 22, 'Maurice Roger', 'perrot.martin@masson.net'),
(435, 22, 'Michel Grondin', 'lacombe.gilbert@gmail.com'),
(436, 22, 'Hélène Hubert', 'renee.vidal@noos.fr'),
(437, 22, 'Charles Laine', 'celina.boulay@sfr.fr'),
(438, 22, 'Adèle Collet-Marchand', 'theophile.caron@noos.fr'),
(439, 22, 'Gilbert Samson', 'simone40@free.fr'),
(440, 22, 'Vincent Le Giraud', 'legros.claudine@club-internet.fr'),
(441, 23, 'Océane-Constance Maillet', 'leon86@buisson.com'),
(442, 23, 'Bernard Leroux-Blin', 'leger.roland@live.com'),
(443, 23, 'Xavier Gauthier', 'alfred.laroche@dbmail.com'),
(444, 23, 'Bernadette Deschamps-Guillon', 'francoise.grondin@dbmail.com'),
(445, 23, 'Sylvie Lejeune', 'alain.maurice@orange.fr'),
(446, 23, 'Laurence Fouquet', 'isaac.gilbert@chretien.com'),
(447, 23, 'Sébastien Gomez', 'christophe60@pages.fr'),
(448, 23, 'Adrien Gomez', 'cguerin@alves.net'),
(449, 23, 'Noémi de Perez', 'helene10@raymond.org'),
(450, 23, 'Léon Blot-Lejeune', 'gregoire.catherine@yahoo.fr'),
(451, 23, 'Denise de la Gilbert', 'rene.michaud@marion.com'),
(452, 23, 'Capucine Torres', 'gilbert.perez@brunet.fr'),
(453, 23, 'Margaux-Joséphine Boucher', 'costa.elise@traore.org'),
(454, 23, 'Jérôme de Leconte', 'alfred.lopes@delahaye.com'),
(455, 23, 'Denise Ribeiro', 'josette67@gimenez.fr'),
(456, 23, 'Luc Laroche', 'gilles05@dbmail.com'),
(457, 23, 'Timothée Bailly', 'krichard@lambert.com'),
(458, 23, 'Laurent-Édouard Rocher', 'jacqueline89@cousin.fr'),
(459, 23, 'Dominique-Lucy Mallet', 'elodie80@roger.com'),
(460, 23, 'Thierry Bouvet', 'jimbert@noos.fr'),
(461, 24, 'Céline Bazin', 'esamson@navarro.fr'),
(462, 24, 'Léon Delmas', 'rgillet@wanadoo.fr'),
(463, 24, 'Véronique Torres-Lamy', 'uthierry@sfr.fr'),
(464, 24, 'Arthur Allard', 'margaret73@philippe.com'),
(465, 24, 'Claude Delahaye', 'begue.christophe@vaillant.net'),
(466, 24, 'Julien Delahaye', 'omoreno@munoz.org'),
(467, 24, 'Grégoire Denis', 'antoinette.fournier@goncalves.org'),
(468, 24, 'Alain Lacombe', 'psalmon@mallet.net'),
(469, 24, 'Joseph Mary', 'dupuy.gabriel@clerc.fr'),
(470, 24, 'William Foucher', 'wjacquet@wanadoo.fr'),
(471, 24, 'Alexandre Menard', 'simone91@roger.com'),
(472, 24, 'Eugène-Luc Laroche', 'arthur50@gmail.com'),
(473, 24, 'Alain de Da Silva', 'nicolas80@laposte.net'),
(474, 24, 'Éléonore Menard', 'ruiz.eleonore@hotmail.fr'),
(475, 24, 'Nicolas Hebert', 'mendes.alexandre@orange.fr'),
(476, 24, 'Margaux de Renard', 'jourdan.genevieve@gmail.com'),
(477, 24, 'Daniel du Maury', 'elegall@yahoo.fr'),
(478, 24, 'Zoé Duhamel', 'luce91@live.com'),
(479, 24, 'Céline Faure', 'celine.guyot@yahoo.fr'),
(480, 24, 'Sylvie-Constance Philippe', 'frederic.louis@lejeune.com'),
(481, 25, 'Susanne-Claire Daniel', 'schmitt.michel@valentin.fr'),
(482, 25, 'Pierre de Roy', 'toussaint.jean@deoliveira.com'),
(483, 25, 'Jacques Guichard-Boulay', 'joseph55@free.fr'),
(484, 25, 'Louis Ferrand', 'flefevre@hotmail.fr'),
(485, 25, 'Anne Ledoux-Marchand', 'lesage.isaac@noos.fr'),
(486, 25, 'Gilles Breton', 'kgarcia@gilles.fr'),
(487, 25, 'Aurore Barbier', 'julien.thomas@robert.com'),
(488, 25, 'David De Oliveira', 'benjamin43@payet.fr'),
(489, 25, 'Amélie Renault', 'genevieve80@ledoux.com'),
(490, 25, 'Brigitte Le Besson', 'robin.dorothee@morin.com'),
(491, 25, 'Bernard de Monnier', 'michel.texier@wanadoo.fr'),
(492, 25, 'Clémence Blanchet', 'theophile.joubert@georges.com'),
(493, 25, 'Roger Monnier', 'desousa.guy@peron.fr'),
(494, 25, 'Bertrand Lefevre', 'danielle95@techer.fr'),
(495, 25, 'Michelle Ledoux', 'olivier31@gmail.com'),
(496, 25, 'Guy de la Fabre', 'roussel.sophie@pichon.fr'),
(497, 25, 'Auguste Techer', 'samson.raymond@petit.com'),
(498, 25, 'Julien Guillaume', 'georges.ribeiro@gmail.com'),
(499, 25, 'Claude-Benoît Leclercq', 'paulette.moulin@bonnin.com'),
(500, 25, 'Théophile Buisson-Lucas', 'matthieu69@picard.org'),
(501, 26, 'Élisabeth Toussaint-Vaillant', 'camille90@cordier.com'),
(502, 26, 'Bernard-William Guillaume', 'oguillon@wanadoo.fr'),
(503, 26, 'Théophile Charles', 'adelaide05@legendre.fr'),
(504, 26, 'Daniel Schneider', 'mremy@club-internet.fr'),
(505, 26, 'Augustin de la Alves', 'zgimenez@andre.fr'),
(506, 26, 'Josette Jourdan', 'wregnier@hotmail.fr'),
(507, 26, 'David Guillet-Hubert', 'emile.levy@club-internet.fr'),
(508, 26, 'Zacharie-Hugues Dubois', 'hperon@besnard.com'),
(509, 26, 'Robert Leger', 'diane.baudry@texier.com'),
(510, 26, 'Charlotte Le Millet', 'denis67@tele2.fr'),
(511, 26, 'Philippine Clerc', 'wpages@paris.org'),
(512, 26, 'Élisabeth Philippe', 'devaux.tristan@gerard.fr'),
(513, 26, 'Jacques Leroy', 'franck47@dijoux.fr'),
(514, 26, 'Hélène-Bernadette Royer', 'eric02@dbmail.com'),
(515, 26, 'Louis Lebon', 'pichon.nicolas@adam.fr'),
(516, 26, 'Étienne-Théodore Faure', 'delannoy.alex@sfr.fr'),
(517, 26, 'Christophe Legendre', 'thomas53@sfr.fr'),
(518, 26, 'Célina Hebert', 'arthur84@hotmail.fr'),
(519, 26, 'Philippine Georges', 'antoinette50@yahoo.fr'),
(520, 26, 'Martin Barre', 'bernard.leblanc@hotmail.fr'),
(521, 27, 'Julie Grondin', 'pbenard@peron.com'),
(522, 27, 'Corinne Vallee-Didier', 'eugene.poirier@caron.fr'),
(523, 27, 'Antoine Besnard', 'andre72@noos.fr'),
(524, 27, 'Claude Gautier-Fournier', 'noemi60@gmail.com'),
(525, 27, 'Stéphane Lejeune-Adam', 'guillet.bernard@gauthier.com'),
(526, 27, 'Denis Maillet-Moreno', 'dorothee53@noos.fr'),
(527, 27, 'Astrid Roche', 'ollivier.renee@gaudin.com'),
(528, 27, 'Hugues-Thomas Verdier', 'vrichard@noos.fr'),
(529, 27, 'Jean Dupuy', 'foucher.sebastien@gosselin.net'),
(530, 27, 'Jeanne Clerc', 'suzanne03@robin.fr'),
(531, 27, 'Élise Guillaume', 'richard48@maillard.com'),
(532, 27, 'Michelle Pruvost-Lenoir', 'eweber@duval.net'),
(533, 27, 'Édouard Delannoy', 'sebastien59@club-internet.fr'),
(534, 27, 'Susan Leroy', 'gabrielle48@sfr.fr'),
(535, 27, 'Alain Rolland', 'josephine.delmas@live.com'),
(536, 27, 'Laetitia Riou', 'bonneau.georges@club-internet.fr'),
(537, 27, 'Marine Millet', 'frederic.gimenez@guichard.org'),
(538, 27, 'Aurélie Lelievre', 'michel.albert@aubert.com'),
(539, 27, 'Stéphane Delaunay', 'bertrand97@tele2.fr'),
(540, 27, 'Céline Lesage-Rodriguez', 'marc04@wanadoo.fr'),
(541, 28, 'Arthur Chartier', 'robert55@weiss.com'),
(542, 28, 'Adélaïde Regnier', 'nathalie.david@live.com'),
(543, 28, 'Margot Caron', 'christelle19@costa.net'),
(544, 28, 'Caroline Guyon', 'bernard.michelle@imbert.fr'),
(545, 28, 'Marcelle Turpin', 'theodore.dasilva@dbmail.com'),
(546, 28, 'Léon-Gabriel Valentin', 'wbertin@laposte.net'),
(547, 28, 'Noémi Mercier', 'dorothee.millet@free.fr'),
(548, 28, 'Renée du Cousin', 'augustin09@wanadoo.fr'),
(549, 28, 'Juliette Verdier', 'marchal.guy@gmail.com'),
(550, 28, 'Jérôme Buisson', 'lemaitre.marcel@dias.com'),
(551, 28, 'Audrey Nguyen', 'marc.vasseur@sfr.fr'),
(552, 28, 'Diane Bodin', 'hlejeune@munoz.com'),
(553, 28, 'Vincent Marie-Daniel', 'leon.herve@prevost.net'),
(554, 28, 'Françoise Neveu', 'leger.guy@tele2.fr'),
(555, 28, 'Maggie Pelletier', 'emmanuel37@tele2.fr'),
(556, 28, 'Isaac Le Gall', 'ljoseph@guerin.com'),
(557, 28, 'Laetitia Briand', 'charles.guichard@yahoo.fr'),
(558, 28, 'Thierry Ferreira', 'louis.matthieu@dbmail.com'),
(559, 28, 'Julien-Alexandre Couturier', 'bouvier.pierre@live.com'),
(560, 28, 'Frédéric Couturier', 'margot.lefevre@thomas.com'),
(561, 29, 'Marine Devaux', 'riou.paul@guillaume.net'),
(562, 29, 'Victor Barbe', 'nathalie25@marques.com'),
(563, 29, 'Sébastien Dumont', 'daniel.sauvage@vallet.com'),
(564, 29, 'Thomas de la Maillet', 'stephane.dijoux@legendre.com'),
(565, 29, 'Sophie Berger-Masse', 'eleonore99@laposte.net'),
(566, 29, 'Michelle Hubert', 'jean.bernier@noos.fr'),
(567, 29, 'Alexandre Diallo', 'vincent89@gmail.com'),
(568, 29, 'Luc Gallet', 'perez.lucas@sfr.fr'),
(569, 29, 'Patrick Colin', 'nath68@free.fr'),
(570, 29, 'Lucas Nicolas', 'nicolas.wagner@meyer.com'),
(571, 29, 'Alain Fabre', 'vmahe@free.fr'),
(572, 29, 'Adèle Boucher', 'kleger@schmitt.net'),
(573, 29, 'Sébastien Herve', 'kvallet@mercier.fr'),
(574, 29, 'Thérèse Maillard', 'jeanne40@club-internet.fr'),
(575, 29, 'Valentine-Geneviève Voisin', 'klegrand@olivier.org'),
(576, 29, 'Vincent Techer', 'diane.maillard@dbmail.com'),
(577, 29, 'Océane Lebon', 'margaud.garnier@maury.fr'),
(578, 29, 'Virginie Fernandez', 'teixeira.valentine@hebert.org'),
(579, 29, 'Zacharie Roche', 'mary.therese@remy.com'),
(580, 29, 'Henri-René Michaud', 'klaporte@gmail.com'),
(581, 30, 'William Lacroix', 'colin.alice@club-internet.fr'),
(582, 30, 'Claude Francois', 'cmarechal@blanc.com'),
(583, 30, 'Claire Boyer', 'briand.jean@dacosta.fr'),
(584, 30, 'Julie Mace', 'delaunay.hortense@dbmail.com'),
(585, 30, 'Denise Le Buisson', 'aurelie14@moulin.fr'),
(586, 30, 'Alain-Auguste Reynaud', 'etienne04@orange.fr'),
(587, 30, 'Stéphane Le Jourdan', 'manon47@sfr.fr'),
(588, 30, 'Christophe Lesage', 'josephine38@hotmail.fr'),
(589, 30, 'Eugène Le Fleury', 'christiane.millet@menard.com'),
(590, 30, 'Yves Renard', 'franck.hoareau@gmail.com'),
(591, 30, 'Émile Morvan', 'yberthelot@sfr.fr'),
(592, 30, 'Constance Laporte', 'sanchez.catherine@dbmail.com'),
(593, 30, 'Henriette de la Bigot', 'theophile.blanchet@foucher.fr'),
(594, 30, 'Noël Dias', 'arthur.riviere@sfr.fr'),
(595, 30, 'Anne Pineau-Toussaint', 'rossi.marie@orange.fr'),
(596, 30, 'Joseph-Alexandre Jean', 'victor.desousa@baron.fr'),
(597, 30, 'Corinne Marechal', 'legros.valentine@orange.fr'),
(598, 30, 'Christophe Normand', 'etienne.marie@legall.org'),
(599, 30, 'Jacques Berger-Vallee', 'hlombard@delorme.fr'),
(600, 30, 'Denis Menard', 'reynaud.andre@yahoo.fr'),
(601, 31, 'Émile Brunet', 'ebazin@sfr.fr'),
(602, 31, 'Lorraine Techer-Leger', 'margot17@joly.fr'),
(603, 31, 'Tristan Gerard', 'renard.christine@goncalves.fr'),
(604, 31, 'Guy Bouvet', 'christiane63@noos.fr'),
(605, 31, 'Richard Gomez', 'oboulay@paris.net'),
(606, 31, 'William de Sanchez', 'dmenard@dufour.com'),
(607, 31, 'Zoé Jacquot', 'marc30@noos.fr'),
(608, 31, 'Brigitte Gosselin-Lacroix', 'collin.adrien@gmail.com'),
(609, 31, 'Daniel Bertrand-Rodrigues', 'ihernandez@delorme.com'),
(610, 31, 'Michel Guillon', 'louis.navarro@laporte.com'),
(611, 31, 'Jules du Gillet', 'marine02@leleu.fr'),
(612, 31, 'Agnès Valette', 'adam.gilles@paul.com'),
(613, 31, 'Benoît Bouvet-Dupre', 'adrienne.bouvet@imbert.com'),
(614, 31, 'Bertrand-Gilbert Boulanger', 'antoine.jacquot@orange.fr'),
(615, 31, 'Stéphanie de la Pelletier', 'qweiss@charles.com'),
(616, 31, 'Noël Arnaud', 'kmichel@live.com'),
(617, 31, 'Joseph Sauvage', 'lparis@paris.fr'),
(618, 31, 'Margaux Morvan', 'luc.dufour@free.fr'),
(619, 31, 'Franck Traore', 'caroline.georges@lagarde.com'),
(620, 31, 'Gilbert Gillet', 'traore.thierry@live.com'),
(621, 32, 'Michelle Delahaye-Cousin', 'jverdier@free.fr'),
(622, 32, 'Christiane Gosselin', 'stephane75@noos.fr'),
(623, 32, 'Madeleine du Loiseau', 'smary@hotmail.fr'),
(624, 32, 'Noémi Hamel', 'christiane.fleury@yahoo.fr'),
(625, 32, 'Daniel Michaud', 'denis17@boyer.net'),
(626, 32, 'Monique Le Barbier', 'odacosta@live.com'),
(627, 32, 'Claudine Dupuis', 'margaux.grenier@gallet.com'),
(628, 32, 'Alexandrie de la Vincent', 'nathalie88@orange.fr'),
(629, 32, 'Lucas Dos Santos', 'aubry.nicole@besnard.fr'),
(630, 32, 'Lorraine-Anaïs Martin', 'rene41@free.fr'),
(631, 32, 'Capucine Chretien', 'michel46@yahoo.fr'),
(632, 32, 'Alice du Chauveau', 'jeanne89@roger.org'),
(633, 32, 'Émile Bourdon', 'guillaume.becker@laposte.net'),
(634, 32, 'Jean Aubry', 'baron.matthieu@rousset.com'),
(635, 32, 'Frédéric-Jean Bousquet', 'gabriel.caron@lemonnier.fr'),
(636, 32, 'Noémi du Gaudin', 'dominique30@bourgeois.com'),
(637, 32, 'Tristan Benoit', 'adelaide.weber@gmail.com'),
(638, 32, 'Marc du Clement', 'chauvin.eric@club-internet.fr'),
(639, 32, 'Paulette-Antoinette Berthelot', 'theophile.gaudin@orange.fr'),
(640, 32, 'Marie Evrard', 'philippine82@devaux.fr'),
(641, 33, 'Dorothée Etienne', 'mperret@guilbert.org'),
(642, 33, 'Margaux Ollivier', 'genevieve.dufour@rossi.net'),
(643, 33, 'Noël-Stéphane Hubert', 'gerard.brun@faivre.com'),
(644, 33, 'Anaïs Rousseau', 'lucy.roussel@live.com'),
(645, 33, 'Étienne Duhamel', 'imoulin@yahoo.fr'),
(646, 33, 'Anastasie Louis', 'paul.alix@boulay.com'),
(647, 33, 'René Renard', 'zacharie94@charles.fr'),
(648, 33, 'Auguste Morel', 'marie.lemaitre@nguyen.fr'),
(649, 33, 'Denise Menard', 'emilie36@orange.fr'),
(650, 33, 'Adrien Le Roux', 'antoine66@wagner.fr'),
(651, 33, 'Thibault Chartier', 'alexandre00@hotmail.fr'),
(652, 33, 'Henriette Carlier', 'faure.louise@arnaud.com'),
(653, 33, 'Léon Ferrand', 'alexandrie58@noos.fr'),
(654, 33, 'Georges-Guillaume Perrier', 'diane.peron@laposte.net'),
(655, 33, 'Anastasie Pires', 'philippine.delorme@fabre.fr'),
(656, 33, 'Margaux Rey', 'manon53@rousset.fr'),
(657, 33, 'Philippe du Jean', 'tristan.valette@orange.fr'),
(658, 33, 'Hortense Masson-Etienne', 'charlotte.raymond@gomez.fr'),
(659, 33, 'Monique Leclerc-Maurice', 'gabrielle.laurent@dbmail.com'),
(660, 33, 'Corinne Hoarau', 'laurence83@free.fr'),
(661, 34, 'Antoine de Dijoux', 'claudine.fontaine@noos.fr'),
(662, 34, 'Alexandrie Neveu', 'snavarro@orange.fr'),
(663, 34, 'Christophe Bodin-Brunel', 'alain.chauvin@club-internet.fr'),
(664, 34, 'Susan Gauthier', 'rfrancois@daniel.org'),
(665, 34, 'Arnaude de la Lecomte', 'auguste61@rossi.fr'),
(666, 34, 'Arthur Bonneau', 'celine91@free.fr'),
(667, 34, 'Gérard Menard', 'michel.gonzalez@dbmail.com'),
(668, 34, 'Eugène Courtois', 'nicole.fouquet@normand.fr'),
(669, 34, 'Isaac Neveu-Mallet', 'louise.lemaitre@maury.com'),
(670, 34, 'Jacqueline Pages', 'jerome.pasquier@orange.fr'),
(671, 34, 'Bernadette Pineau', 'henriette21@lacombe.net'),
(672, 34, 'René-Louis Ferrand', 'michelle.maillot@wanadoo.fr'),
(673, 34, 'Laurent Couturier', 'tristan.robin@mace.fr'),
(674, 34, 'René Gomes', 'acollet@hotmail.fr'),
(675, 34, 'Isaac Imbert', 'marcelle.collin@club-internet.fr'),
(676, 34, 'Louise De Oliveira', 'xlegall@yahoo.fr'),
(677, 34, 'Antoine de Jacquet', 'richard.toussaint@orange.fr'),
(678, 34, 'Bernadette Vasseur-Philippe', 'normand.vincent@laposte.net'),
(679, 34, 'Corinne Jourdan', 'morin.marguerite@michaud.com'),
(680, 34, 'Corinne Jacquet-Martinez', 'valerie25@huet.com'),
(681, 35, 'Renée Lemoine-Chretien', 'bertrand.chartier@tele2.fr'),
(682, 35, 'Emmanuel Faivre', 'xavier92@free.fr'),
(683, 35, 'René Royer', 'girard.maggie@tele2.fr'),
(684, 35, 'Alain Lebreton', 'marie.victoire@legrand.org'),
(685, 35, 'Xavier Monnier-Martel', 'elisabeth71@tele2.fr'),
(686, 35, 'Catherine Le Teixeira', 'maillard.aurore@laposte.net'),
(687, 35, 'Adélaïde Buisson', 'qreynaud@free.fr'),
(688, 35, 'Auguste Meunier-Lopez', 'lucas.dufour@albert.com'),
(689, 35, 'Stéphane Diallo-Meunier', 'emile.maury@lombard.fr'),
(690, 35, 'Amélie Lefevre', 'zacharie42@robert.com'),
(691, 35, 'Gérard-Hugues Masson', 'lucas.francois@hotmail.fr'),
(692, 35, 'Sylvie Salmon', 'eberger@foucher.com'),
(693, 35, 'André Maury', 'emilie43@tele2.fr'),
(694, 35, 'Adrien Antoine-Bernier', 'vasseur.gabrielle@thierry.net'),
(695, 35, 'Céline Laroche-Gomez', 'roy.elise@gmail.com'),
(696, 35, 'Théodore Raymond', 'adrienne.loiseau@aubert.org'),
(697, 35, 'Juliette Martin-Gay', 'cgillet@renault.fr'),
(698, 35, 'Julie-Nathalie Ribeiro', 'dlopes@lambert.com'),
(699, 35, 'Arthur Dumas-Roussel', 'claire.bonneau@verdier.net'),
(700, 35, 'Emmanuelle de la Fontaine', 'qmartel@caron.fr'),
(701, 36, 'Thibault Hardy', 'tristan.regnier@dbmail.com'),
(702, 36, 'Gilbert Rodriguez', 'luce.blanchard@tele2.fr'),
(703, 36, 'Olivier Hamon-Hubert', 'tlegall@pierre.fr'),
(704, 36, 'Timothée Huet-Rousset', 'gaillard.martine@aubry.com'),
(705, 36, 'Jacqueline Gimenez', 'gabrielle.roussel@cohen.org'),
(706, 36, 'Gérard Le Guillou', 'stephanie33@guillot.org'),
(707, 36, 'Astrid Clerc', 'david.garcia@masson.com'),
(708, 36, 'Christiane-Hortense Delorme', 'bonnin.michel@hotmail.fr'),
(709, 36, 'Lorraine-Hortense Blanc', 'emmanuelle.descamps@free.fr'),
(710, 36, 'Anastasie Guillet', 'franck52@coste.fr'),
(711, 36, 'Maryse du Petitjean', 'marianne.riviere@orange.fr'),
(712, 36, 'Christophe-Étienne Berthelot', 'girard.suzanne@blanc.com'),
(713, 36, 'Dominique Lucas', 'fbazin@georges.fr'),
(714, 36, 'Daniel Moreau', 'chartier.stephane@masson.net'),
(715, 36, 'Roland Barre', 'fclerc@orange.fr'),
(716, 36, 'Isabelle Noel', 'louis.barbier@chretien.com'),
(717, 36, 'Zacharie Gonzalez-Teixeira', 'martine.lambert@orange.fr'),
(718, 36, 'Virginie du Begue', 'adam.dominique@live.com'),
(719, 36, 'Grégoire-Jules Riou', 'yves74@chevalier.org'),
(720, 36, 'Jean Simon-Vincent', 'apichon@letellier.com'),
(721, 37, 'Alex Meyer', 'leblanc.catherine@huet.net'),
(722, 37, 'Jacqueline Lefebvre', 'torres.chantal@hoareau.net'),
(723, 37, 'Luce Georges', 'vbenoit@free.fr'),
(724, 37, 'Luc Jacquet', 'olivier52@wanadoo.fr'),
(725, 37, 'Chantal Barbier', 'nfouquet@live.com'),
(726, 37, 'Luc Gaillard', 'pineau.theophile@deschamps.fr'),
(727, 37, 'Amélie Bouchet', 'zoe93@blondel.org'),
(728, 37, 'Océane-Renée Lombard', 'roland.leclerc@dbmail.com'),
(729, 37, 'Océane Le Didier', 'leclerc.renee@wanadoo.fr'),
(730, 37, 'Gilles Giraud', 'franck46@bazin.com'),
(731, 37, 'Margot Wagner', 'william04@gmail.com'),
(732, 37, 'Cécile Toussaint', 'yves.grondin@clerc.com'),
(733, 37, 'Susan Gosselin', 'xavier94@live.com'),
(734, 37, 'Xavier-Timothée Weber', 'eugene70@gosselin.com'),
(735, 37, 'Odette Vincent', 'daniel19@wanadoo.fr'),
(736, 37, 'Valentine du Wagner', 'ntraore@orange.fr'),
(737, 37, 'Michèle Chevalier', 'patrick.collet@lefort.org'),
(738, 37, 'François Samson', 'alexandre81@yahoo.fr'),
(739, 37, 'Dorothée Charles', 'etienne.stephane@wanadoo.fr'),
(740, 37, 'Joséphine de Dumas', 'peltier.maggie@gmail.com'),
(741, 38, 'Édouard Le Guillon', 'maillot.laetitia@yahoo.fr'),
(742, 38, 'Guy Briand', 'lucas.frederic@free.fr'),
(743, 38, 'Benjamin Jacques', 'hhernandez@laposte.net'),
(744, 38, 'Augustin Diallo', 'carpentier.guillaume@boutin.net'),
(745, 38, 'Hugues Thomas', 'lucas.robert@noos.fr'),
(746, 38, 'Laetitia Reynaud', 'langlois.thierry@live.com'),
(747, 38, 'Georges Cohen-Menard', 'berger.sylvie@tele2.fr'),
(748, 38, 'Maryse Gauthier-Gerard', 'noel.denis@collin.com'),
(749, 38, 'Honoré-René Jean', 'ferrand.thibault@orange.fr'),
(750, 38, 'Simone Ollivier', 'zoe91@club-internet.fr'),
(751, 38, 'Léon Dupre', 'gerard.fischer@leclerc.fr'),
(752, 38, 'Alix Maillet', 'georges.sauvage@leveque.fr'),
(753, 38, 'Patrick Prevost', 'legrand.gilbert@sfr.fr'),
(754, 38, 'Adèle Thierry', 'margot.robert@dbmail.com'),
(755, 38, 'Catherine Brunet', 'tbourdon@live.com'),
(756, 38, 'Lorraine-Adélaïde Pereira', 'fabre.eric@diaz.com'),
(757, 38, 'Laetitia Coste', 'lblanchet@dbmail.com'),
(758, 38, 'Pauline-Stéphanie Marques', 'jacques95@free.fr'),
(759, 38, 'Adélaïde Camus', 'ibonnet@yahoo.fr'),
(760, 38, 'Marianne Collin', 'perrier.eric@dbmail.com'),
(761, 39, 'Adélaïde-Corinne Besnard', 'charlotte02@gmail.com'),
(762, 39, 'Robert Girard', 'theodore.lacombe@tele2.fr'),
(763, 39, 'Brigitte Le Petit', 'nathalie.cordier@parent.net'),
(764, 39, 'Alexandria Prevost', 'adele.moulin@orange.fr'),
(765, 39, 'Michel-Robert Chartier', 'theodore78@blondel.com'),
(766, 39, 'Alexandrie Le Maillot', 'jean83@pottier.fr'),
(767, 39, 'Louis Fernandez', 'guerin.adrienne@maillot.com'),
(768, 39, 'Julien Begue', 'bschneider@henry.fr'),
(769, 39, 'Louise Hamon', 'benoit.maillet@perrin.com'),
(770, 39, 'Arnaude Rey', 'michele.dupre@free.fr'),
(771, 39, 'Henriette Martinez', 'ebrunel@cohen.fr'),
(772, 39, 'Bertrand Maillet', 'fherve@tele2.fr'),
(773, 39, 'Gilbert Blanchard-Herve', 'fmartin@grondin.com'),
(774, 39, 'Roland Loiseau-Carpentier', 'capucine85@mathieu.fr'),
(775, 39, 'Olivie Masse', 'chauvet.luce@wanadoo.fr'),
(776, 39, 'Gérard du Marchand', 'maurice70@lecomte.com'),
(777, 39, 'Nicolas Benoit', 'mriou@leclerc.com'),
(778, 39, 'Thierry Noel', 'timothee.hubert@adam.fr'),
(779, 39, 'Margot du Coste', 'ruiz.philippine@diallo.net'),
(780, 39, 'Agnès Roussel', 'manon.desousa@lopez.com'),
(781, 40, 'Renée Vallet', 'luc10@hoareau.net'),
(782, 40, 'Michèle Noel', 'ibarthelemy@gay.com'),
(783, 40, 'Cécile Coulon', 'veronique.guyot@noos.fr'),
(784, 40, 'Christiane du Regnier', 'jules.boyer@hotmail.fr'),
(785, 40, 'Maggie Clement-Collin', 'olivier64@tele2.fr'),
(786, 40, 'Nath Robert', 'timothee27@mercier.com'),
(787, 40, 'Agathe Marin', 'ndenis@dacosta.com'),
(788, 40, 'Nicolas Cousin', 'prevost.thibault@fournier.fr'),
(789, 40, 'Suzanne-Marianne Salmon', 'matthieu.bertin@live.com'),
(790, 40, 'Émile Arnaud', 'michelle.lambert@aubry.com'),
(791, 40, 'Camille Rey', 'vbouvet@besson.com'),
(792, 40, 'Gabriel Briand', 'gtoussaint@wanadoo.fr'),
(793, 40, 'Xavier Lopez', 'philippe19@hotmail.fr'),
(794, 40, 'Océane-Louise Millet', 'lelievre.jean@wanadoo.fr'),
(795, 40, 'Cécile Chauveau', 'clerc.jerome@hotmail.fr'),
(796, 40, 'Margaud Le Leconte', 'adele.auger@dbmail.com'),
(797, 40, 'Luc Clement', 'clemence33@hotmail.fr'),
(798, 40, 'Antoinette Guilbert-Gay', 'guillaume11@club-internet.fr');

-- --------------------------------------------------------

--
-- Structure de la table `product`
--

CREATE TABLE `product` (
  `id` int(11) NOT NULL,
  `name` varchar(255) COLLATE utf8mb4_unicode_ci NOT NULL,
  `created_at` datetime NOT NULL COMMENT '(DC2Type:datetime_immutable)',
  `updated_at` datetime NOT NULL COMMENT '(DC2Type:datetime_immutable)',
  `description` longtext COLLATE utf8mb4_unicode_ci NOT NULL,
  `price` double NOT NULL,
  `brand` varchar(255) COLLATE utf8mb4_unicode_ci DEFAULT NULL
) ENGINE=InnoDB DEFAULT CHARSET=utf8mb4 COLLATE=utf8mb4_unicode_ci;

--
-- Déchargement des données de la table `product`
--

INSERT INTO `product` (`id`, `name`, `created_at`, `updated_at`, `description`, `price`, `brand`) VALUES
(21, 'Nom : 0', '2022-12-27 08:47:22', '2022-12-28 08:47:22', 'Description :  0', 0, 'Marque :  0'),
(22, 'Nom : 1', '2022-12-27 08:47:22', '2022-12-28 08:47:22', 'Description :  1', 100, 'Marque :  1'),
(23, 'Nom : 2', '2022-12-27 08:47:22', '2022-12-28 08:47:22', 'Description :  2', 200, 'Marque :  2'),
(24, 'Nom : 3', '2022-12-27 08:47:22', '2022-12-28 08:47:22', 'Description :  3', 300, 'Marque :  3'),
(25, 'Nom : 4', '2022-12-27 08:47:22', '2022-12-28 08:47:22', 'Description :  4', 400, 'Marque :  4'),
(26, 'Nom : 5', '2022-12-27 08:47:22', '2022-12-28 08:47:22', 'Description :  5', 500, 'Marque :  5'),
(27, 'Nom : 6', '2022-12-27 08:47:22', '2022-12-28 08:47:22', 'Description :  6', 600, 'Marque :  6'),
(28, 'Nom : 7', '2022-12-27 08:47:22', '2022-12-28 08:47:22', 'Description :  7', 700, 'Marque :  7'),
(29, 'Nom : 8', '2022-12-27 08:47:22', '2022-12-28 08:47:22', 'Description :  8', 800, 'Marque :  8'),
(30, 'Nom : 9', '2022-12-27 08:47:22', '2022-12-28 08:47:22', 'Description :  9', 900, 'Marque :  9'),
(31, 'Nom : 10', '2022-12-27 08:47:22', '2022-12-28 08:47:22', 'Description :  10', 1000, 'Marque :  10'),
(32, 'Nom : 11', '2022-12-27 08:47:22', '2022-12-28 08:47:22', 'Description :  11', 1100, 'Marque :  11'),
(33, 'Nom : 12', '2022-12-27 08:47:22', '2022-12-28 08:47:22', 'Description :  12', 1200, 'Marque :  12'),
(34, 'Nom : 13', '2022-12-27 08:47:22', '2022-12-28 08:47:22', 'Description :  13', 1300, 'Marque :  13'),
(35, 'Nom : 14', '2022-12-27 08:47:22', '2022-12-28 08:47:22', 'Description :  14', 1400, 'Marque :  14'),
(36, 'Nom : 15', '2022-12-27 08:47:22', '2022-12-28 08:47:22', 'Description :  15', 1500, 'Marque :  15'),
(37, 'Nom : 16', '2022-12-27 08:47:22', '2022-12-28 08:47:22', 'Description :  16', 1600, 'Marque :  16'),
(38, 'Nom : 17', '2022-12-27 08:47:22', '2022-12-28 08:47:22', 'Description :  17', 1700, 'Marque :  17'),
(39, 'Nom : 18', '2022-12-27 08:47:22', '2022-12-28 08:47:22', 'Description :  18', 1800, 'Marque :  18'),
(40, 'Nom : 19', '2022-12-27 08:47:22', '2022-12-28 08:47:22', 'Description :  19', 1900, 'Marque :  19');

-- --------------------------------------------------------

--
-- Structure de la table `user`
--

CREATE TABLE `user` (
  `id` int(11) NOT NULL,
  `email` varchar(180) COLLATE utf8mb4_unicode_ci NOT NULL,
  `roles` longtext COLLATE utf8mb4_unicode_ci NOT NULL COMMENT '(DC2Type:json)',
  `password` varchar(255) COLLATE utf8mb4_unicode_ci NOT NULL,
  `company_name` varchar(255) COLLATE utf8mb4_unicode_ci DEFAULT NULL
) ENGINE=InnoDB DEFAULT CHARSET=utf8mb4 COLLATE=utf8mb4_unicode_ci;

--
-- Déchargement des données de la table `user`
--

INSERT INTO `user` (`id`, `email`, `roles`, `password`, `company_name`) VALUES
(21, 'Admin-0@gmail.com', '[\"ROLE_ADMIN\"]', '$2y$13$NXcRlh/chLYP09vWO.1x5.hSiR.EQVXSdSdfC1QumsOSiSheOsXuK', 'Blanc SAS'),
(22, 'Admin-1@gmail.com', '[\"ROLE_ADMIN\"]', '$2y$13$cSFCu2gegrm3JqYmC6tWQ.R5tJZaSRDMdSYi0sQqXexPvl/SA22ae', 'Lucas'),
(23, 'Admin-2@gmail.com', '[\"ROLE_ADMIN\"]', '$2y$13$BeGq.MW3H37TI22BGoWYKOt2gfjT5ShjR6Tigdr72OUGPQMSO9NQ2', 'Bailly Joseph et Fils'),
(24, 'Admin-3@gmail.com', '[\"ROLE_ADMIN\"]', '$2y$13$PATmbt7Yr2ThU7DIWE2X0.tI7tb7y.buHSVZfhDGteZ8GdJTCL6GS', 'Michel S.A.S.'),
(25, 'Admin-4@gmail.com', '[\"ROLE_ADMIN\"]', '$2y$13$agcThbNV2bGTs3hdpo3UWu.GoUYsUxmqwoHFNAvqmNvXt3vJfw6ji', 'Godard'),
(26, 'Admin-5@gmail.com', '[\"ROLE_ADMIN\"]', '$2y$13$PQsVorZfKmNubvDpziwjSuEWegVJALtVzJzV8QaXO2O/S3BTI/mZa', 'Baudry'),
(27, 'Admin-6@gmail.com', '[\"ROLE_ADMIN\"]', '$2y$13$AiQdaX5qjeSzt.GXqRGGe.OBVgpW3/4iytACSJeLyFr4co4mcLgEu', 'Chretien S.A.S.'),
(28, 'Admin-7@gmail.com', '[\"ROLE_ADMIN\"]', '$2y$13$76b9p3MJF.blLUM5Vg67FOycU3xQRBLsYAXr.l/T8XCCnGfpWSkBm', 'Lebreton et Fils'),
(29, 'Admin-8@gmail.com', '[\"ROLE_ADMIN\"]', '$2y$13$8Fx9xvRiAsCK5w8rKxV7lOQ1XALZl6Bah7OAOrZKmpwxLQh9NRbge', 'Dufour Poirier S.A.'),
(30, 'Admin-9@gmail.com', '[\"ROLE_ADMIN\"]', '$2y$13$FsdAFUPDBluk/qqwv3dJ1O/jyIlEwqjANJsMw7ZXiIDyDYDlkFjBK', 'Faure Riviere et Fils'),
(31, 'antoine50@michaud.org', '[\"ROLE_USER\"]', '$2y$13$zyRcZa/DaQamJob/gXPDWu/WURopmrha1T4P46NxMGYpFjMtF/Rxe', 'Bonnet Moreau S.A.R.L.'),
(32, 'thibault.guibert@club-internet.fr', '[\"ROLE_USER\"]', '$2y$13$veTXezKq2RvCElIM3kIZd.cHxBD9BQa3SOh5Vg/PU6tlleFO8BLEq', 'Berger Maury S.A.'),
(33, 'dufour.gabrielle@sfr.fr', '[\"ROLE_USER\"]', '$2y$13$wWbtQiBFuoyoF2vruXys9.q9RpBG8W1zha4Bdwvw/dna5A.WWltyq', 'Coulon S.A.R.L.'),
(34, 'pblanchet@marie.fr', '[\"ROLE_USER\"]', '$2y$13$bAdJxCdPJYiJEJdryyJshe7UwH0yQvYVXFqeifZonEpfuOJwznkgK', 'Peltier'),
(35, 'vaillant.charles@mary.com', '[\"ROLE_USER\"]', '$2y$13$TcQOfE1NHsDUr4LpHPmT1uDinmfdwMHSQBPQLKIoh.SIqbFr0pmrK', 'Noel Leveque S.A.R.L.'),
(36, 'gosselin.emmanuelle@dbmail.com', '[\"ROLE_USER\"]', '$2y$13$jMn6khLVwzhqhEQVC5LzKOE2Z0.1iwARAzd6bXak92ftkKWlYqu0m', 'Guyot S.A.'),
(37, 'amelie55@laporte.fr', '[\"ROLE_USER\"]', '$2y$13$J9W6Yq2cDR6DQR7Yo4GyO.Z4ES9EdiwnMliExRj1247sjXe3wfdAW', 'Ruiz'),
(38, 'monique55@perez.com', '[\"ROLE_USER\"]', '$2y$13$inGiYaBOP7ty8NwhDYm9KektK6SQ1BHoFc.pmNrruZ0iSDlwx4qh.', 'Wagner S.A.'),
(39, 'xjoubert@seguin.com', '[\"ROLE_USER\"]', '$2y$13$/2T7uAjEf89DIn2wKwQcM.m85N44Nh38hVNwRzZT6dWWyHCi2yb3q', 'Leroy Julien S.A.R.L.'),
(40, 'martel.margot@wanadoo.fr', '[\"ROLE_USER\"]', '$2y$13$lGgsWzIbvdxkcDpFdKW8BunRTFdOWeapXRWuOJDviHllkBcuK3XaC', 'Bouvier Gerard SAS');

--
-- Index pour les tables déchargées
--

--
-- Index pour la table `customer`
--
ALTER TABLE `customer`
  ADD PRIMARY KEY (`id`),
  ADD KEY `IDX_81398E09A76ED395` (`user_id`);

--
-- Index pour la table `product`
--
ALTER TABLE `product`
  ADD PRIMARY KEY (`id`);

--
-- Index pour la table `user`
--
ALTER TABLE `user`
  ADD PRIMARY KEY (`id`),
  ADD UNIQUE KEY `UNIQ_8D93D649E7927C74` (`email`);

--
-- AUTO_INCREMENT pour les tables déchargées
--

--
-- AUTO_INCREMENT pour la table `customer`
--
ALTER TABLE `customer`
  MODIFY `id` int(11) NOT NULL AUTO_INCREMENT, AUTO_INCREMENT=818;

--
-- AUTO_INCREMENT pour la table `product`
--
ALTER TABLE `product`
  MODIFY `id` int(11) NOT NULL AUTO_INCREMENT, AUTO_INCREMENT=41;

--
-- AUTO_INCREMENT pour la table `user`
--
ALTER TABLE `user`
  MODIFY `id` int(11) NOT NULL AUTO_INCREMENT, AUTO_INCREMENT=41;

--
-- Contraintes pour les tables déchargées
--

--
-- Contraintes pour la table `customer`
--
ALTER TABLE `customer`
  ADD CONSTRAINT `FK_81398E09A76ED395` FOREIGN KEY (`user_id`) REFERENCES `user` (`id`);
COMMIT;

/*!40101 SET CHARACTER_SET_CLIENT=@OLD_CHARACTER_SET_CLIENT */;
/*!40101 SET CHARACTER_SET_RESULTS=@OLD_CHARACTER_SET_RESULTS */;
/*!40101 SET COLLATION_CONNECTION=@OLD_COLLATION_CONNECTION */;
